USE itassetdb;
INSERT INTO techs (TechID,FName,LName,TechRole) VALUES('MNGR-3Per_1','Christopher','Perez','Manager');
INSERT INTO techlogin VALUES('MNGR-3Per_1','Tech-99Perez_1','1_zereP99-hceT');
INSERT INTO techs (TechID,FName,LName,TechRole) VALUES('SERV-93Wil_2','Matthew','Wilson','Service Tech');
INSERT INTO techlogin VALUES('SERV-93Wil_2','Tech-99Wilson_2','2_nosliW99-hceT');
INSERT INTO techs (TechID,FName,LName,TechRole) VALUES('SERV-22Her_3','Daniel','Hernandez','Service Tech');
INSERT INTO techlogin VALUES('SERV-22Her_3','Tech-99Hernandez_3','3_zednanreH99-hceT');
INSERT INTO techs (TechID,FName,LName,TechRole) VALUES('SERV-51Gon_4','Brian','Gonzalez','Service Tech');
INSERT INTO techlogin VALUES('SERV-51Gon_4','Tech-99Gonzalez_4','4_zelaznoG99-hceT');
INSERT INTO techs (TechID,FName,LName,TechRole) VALUES('HDESK-916Tho_5','Jacob','Thompson','Help Desk');
INSERT INTO techlogin VALUES('HDESK-916Tho_5','Tech-99Thompson_5','5_nospmohT99-hceT');
INSERT INTO techs (TechID,FName,LName,TechRole) VALUES('MNGR-5Wil_6','George','Williams','Manager');
INSERT INTO techlogin VALUES('MNGR-5Wil_6','Tech-99Williams_6','6_smailliW99-hceT');
INSERT INTO techs (TechID,FName,LName,TechRole) VALUES('HDESK-686Wal_7','Matthew','Walker','Help Desk');
INSERT INTO techlogin VALUES('HDESK-686Wal_7','Tech-99Walker_7','7_reklaW99-hceT');
INSERT INTO techs (TechID,FName,LName,TechRole) VALUES('MNGR-3Bak_8','Kenneth','Baker','Manager');
INSERT INTO techlogin VALUES('MNGR-3Bak_8','Tech-99Baker_8','8_rekaB99-hceT');
INSERT INTO techs (TechID,FName,LName,TechRole) VALUES('SERV-27Hil_9','Michelle','Hill','Service Tech');
INSERT INTO techlogin VALUES('SERV-27Hil_9','Tech-99Hill_9','9_lliH99-hceT');
INSERT INTO techs (TechID,FName,LName,TechRole) VALUES('HDESK-170Moo_10','Anthony','Moore','Help Desk');
INSERT INTO techlogin VALUES('HDESK-170Moo_10','Tech-99Moore_10','01_erooM99-hceT');
INSERT INTO techs (TechID,FName,LName,TechRole) VALUES('HDESK-203Mar_11','Michelle','Martin','Help Desk');
INSERT INTO techlogin VALUES('HDESK-203Mar_11','Tech-99Martin_11','11_nitraM99-hceT');
INSERT INTO techs (TechID,FName,LName,TechRole) VALUES('MNGR-2Wil_12','John','Wilson','Manager');
INSERT INTO techlogin VALUES('MNGR-2Wil_12','Tech-99Wilson_12','21_nosliW99-hceT');
INSERT INTO techs (TechID,FName,LName,TechRole) VALUES('MNGR-1Wil_13','Steven','Wilson','Manager');
INSERT INTO techlogin VALUES('MNGR-1Wil_13','Tech-99Wilson_13','31_nosliW99-hceT');
INSERT INTO techs (TechID,FName,LName,TechRole) VALUES('SERV-63Wil_14','Edward','Wilson','Service Tech');
INSERT INTO techlogin VALUES('SERV-63Wil_14','Tech-99Wilson_14','41_nosliW99-hceT');
INSERT INTO techs (TechID,FName,LName,TechRole) VALUES('MNGR-7Bak_15','Ronald','Baker','Manager');
INSERT INTO techlogin VALUES('MNGR-7Bak_15','Tech-99Baker_15','51_rekaB99-hceT');
INSERT INTO users (UserID,FName,LName,UserRole) VALUES('STF-6182Hil_1','George','Hill','Staff');
INSERT INTO userlogin VALUES('STF-6182Hil_1','Usr-00Hill_1','1_lliH00-rsU');
INSERT INTO workstations VALUES('CMPTR-2919_8526','Linux',11,'Offline','STF-6182Hil_1','HDESK-170Moo_10');
INSERT INTO users (UserID,FName,LName,UserRole) VALUES('FAC-8829Mar_2','Dorothy','Martinez','Faculty');
INSERT INTO userlogin VALUES('FAC-8829Mar_2','Usr-00Martinez_2','2_zenitraM00-rsU');
INSERT INTO workstations VALUES('CMPTR-8726_2840','Linux',8,'Offline','FAC-8829Mar_2','HDESK-170Moo_10');
INSERT INTO users (UserID,FName,LName,UserRole) VALUES('STF-5776Tho_3','Sharon','Thompson','Staff');
INSERT INTO userlogin VALUES('STF-5776Tho_3','Usr-00Thompson_3','3_nospmohT00-rsU');
INSERT INTO workstations VALUES('CMPTR-7186_5688','Linux',11,'Online','STF-5776Tho_3','SERV-63Wil_14');
INSERT INTO users (UserID,FName,LName,UserRole) VALUES('FAC-9827Hal_4','Linda','Hall','Faculty');
INSERT INTO userlogin VALUES('FAC-9827Hal_4','Usr-00Hall_4','4_llaH00-rsU');
INSERT INTO workstations VALUES('CMPTR-7268_6308','Linux',8,'Offline','FAC-9827Hal_4','MNGR-7Bak_15');
INSERT INTO users (UserID,FName,LName,UserRole) VALUES('STF-6465Lee_5','James','Lee','Staff');
INSERT INTO userlogin VALUES('STF-6465Lee_5','Usr-00Lee_5','5_eeL00-rsU');
INSERT INTO workstations VALUES('CMPTR-4852_4192','Linux',8,'Online','STF-6465Lee_5','SERV-27Hil_9');
INSERT INTO users (UserID,FName,LName,UserRole) VALUES('STF-7534Bak_6','Mary','Baker','Staff');
INSERT INTO userlogin VALUES('STF-7534Bak_6','Usr-00Baker_6','6_rekaB00-rsU');
INSERT INTO workstations VALUES('CMPTR-1314_8401','Linux',6,'Online','STF-7534Bak_6','SERV-93Wil_2');
INSERT INTO users (UserID,FName,LName,UserRole) VALUES('FAC-2210Har_7','Lisa','Harris','Faculty');
INSERT INTO userlogin VALUES('FAC-2210Har_7','Usr-00Harris_7','7_sirraH00-rsU');
INSERT INTO workstations VALUES('CMPTR-1461_3561','Windows',8,'Offline','FAC-2210Har_7','SERV-27Hil_9');
INSERT INTO users (UserID,FName,LName,UserRole) VALUES('STF-5106Tor_8','Anthony','Torres','Staff');
INSERT INTO userlogin VALUES('STF-5106Tor_8','Usr-00Torres_8','8_serroT00-rsU');
INSERT INTO workstations VALUES('CMPTR-3753_8977','Windows',2,'Offline','STF-5106Tor_8','SERV-27Hil_9');
INSERT INTO users (UserID,FName,LName,UserRole) VALUES('FAC-6373Cla_9','Patricia','Clark','Faculty');
INSERT INTO userlogin VALUES('FAC-6373Cla_9','Usr-00Clark_9','9_kralC00-rsU');
INSERT INTO workstations VALUES('CMPTR-4380_5592','Linux',7,'Offline','FAC-6373Cla_9','SERV-22Her_3');
INSERT INTO users (UserID,FName,LName,UserRole) VALUES('STF-4991Rob_10','Brenda','Robinson','Staff');
INSERT INTO userlogin VALUES('STF-4991Rob_10','Usr-00Robinson_10','01_nosniboR00-rsU');
INSERT INTO workstations VALUES('CMPTR-1006_9172','Linux',8,'Offline','STF-4991Rob_10','HDESK-170Moo_10');
INSERT INTO users (UserID,FName,LName,UserRole) VALUES('FAC-6323Wri_11','Daniel','Wright','Faculty');
INSERT INTO userlogin VALUES('FAC-6323Wri_11','Usr-00Wright_11','11_thgirW00-rsU');
INSERT INTO workstations VALUES('CMPTR-9033_3328','Linux',7,'Offline','FAC-6323Wri_11','MNGR-7Bak_15');
INSERT INTO users (UserID,FName,LName,UserRole) VALUES('FAC-8880Car_12','Anthony','Carter','Faculty');
INSERT INTO userlogin VALUES('FAC-8880Car_12','Usr-00Carter_12','21_retraC00-rsU');
INSERT INTO workstations VALUES('CMPTR-8626_7996','Linux',3,'Online','FAC-8880Car_12','SERV-93Wil_2');
INSERT INTO users (UserID,FName,LName,UserRole) VALUES('STF-2953Ram_13','Barbara','Ramirez','Staff');
INSERT INTO userlogin VALUES('STF-2953Ram_13','Usr-00Ramirez_13','31_zerimaR00-rsU');
INSERT INTO workstations VALUES('CMPTR-2895_7562','Linux',1,'Offline','STF-2953Ram_13','MNGR-1Wil_13');
INSERT INTO users (UserID,FName,LName,UserRole) VALUES('FAC-5556Gar_14','Michelle','Garcia','Faculty');
INSERT INTO userlogin VALUES('FAC-5556Gar_14','Usr-00Garcia_14','41_aicraG00-rsU');
INSERT INTO workstations VALUES('CMPTR-1646_1566','Linux',8,'Offline','FAC-5556Gar_14','SERV-51Gon_4');
INSERT INTO users (UserID,FName,LName,UserRole) VALUES('STF-3817Whi_15','Timothy','White','Staff');
INSERT INTO userlogin VALUES('STF-3817Whi_15','Usr-00White_15','51_etihW00-rsU');
INSERT INTO workstations VALUES('CMPTR-2469_8435','Linux',9,'Offline','STF-3817Whi_15','SERV-51Gon_4');
INSERT INTO users (UserID,FName,LName,UserRole) VALUES('STF-5239Bro_16','Paul','Brown','Staff');
INSERT INTO userlogin VALUES('STF-5239Bro_16','Usr-00Brown_16','61_nworB00-rsU');
INSERT INTO workstations VALUES('CMPTR-6426_8813','Linux',10,'Offline','STF-5239Bro_16','HDESK-916Tho_5');
INSERT INTO users (UserID,FName,LName,UserRole) VALUES('STF-7990Cam_17','Jessica','Campbell','Staff');
INSERT INTO userlogin VALUES('STF-7990Cam_17','Usr-00Campbell_17','71_llebpmaC00-rsU');
INSERT INTO workstations VALUES('CMPTR-1362_9872','Linux',10,'Offline','STF-7990Cam_17','MNGR-7Bak_15');
INSERT INTO users (UserID,FName,LName,UserRole) VALUES('STF-4681Har_18','Betty','Harris','Staff');
INSERT INTO userlogin VALUES('STF-4681Har_18','Usr-00Harris_18','81_sirraH00-rsU');
INSERT INTO workstations VALUES('CMPTR-2834_9714','Linux',1,'Offline','STF-4681Har_18','HDESK-686Wal_7');
INSERT INTO users (UserID,FName,LName,UserRole) VALUES('STF-8260Wal_19','Laura','Walker','Staff');
INSERT INTO userlogin VALUES('STF-8260Wal_19','Usr-00Walker_19','91_reklaW00-rsU');
INSERT INTO workstations VALUES('CMPTR-8547_8218','Linux',12,'Online','STF-8260Wal_19','HDESK-916Tho_5');
INSERT INTO users (UserID,FName,LName,UserRole) VALUES('STF-4758Tay_20','Michelle','Taylor','Staff');
INSERT INTO userlogin VALUES('STF-4758Tay_20','Usr-00Taylor_20','02_rolyaT00-rsU');
INSERT INTO workstations VALUES('CMPTR-8791_7355','Linux',12,'Offline','STF-4758Tay_20','MNGR-3Bak_8');
INSERT INTO users (UserID,FName,LName,UserRole) VALUES('STF-2114Moo_21','Kimberly','Moore','Staff');
INSERT INTO userlogin VALUES('STF-2114Moo_21','Usr-00Moore_21','12_erooM00-rsU');
INSERT INTO workstations VALUES('CMPTR-9448_5598','Windows',11,'Offline','STF-2114Moo_21','MNGR-3Per_1');
INSERT INTO users (UserID,FName,LName,UserRole) VALUES('FAC-9926Tho_22','Andrew','Thompson','Faculty');
INSERT INTO userlogin VALUES('FAC-9926Tho_22','Usr-00Thompson_22','22_nospmohT00-rsU');
INSERT INTO workstations VALUES('CMPTR-1422_2469','Windows',8,'Online','FAC-9926Tho_22','HDESK-916Tho_5');
INSERT INTO users (UserID,FName,LName,UserRole) VALUES('STF-9700Nel_23','Deborah','Nelson','Staff');
INSERT INTO userlogin VALUES('STF-9700Nel_23','Usr-00Nelson_23','32_nosleN00-rsU');
INSERT INTO workstations VALUES('CMPTR-6457_1076','Windows',7,'Offline','STF-9700Nel_23','SERV-51Gon_4');
INSERT INTO users (UserID,FName,LName,UserRole) VALUES('FAC-8874Rob_24','Mary','Robinson','Faculty');
INSERT INTO userlogin VALUES('FAC-8874Rob_24','Usr-00Robinson_24','42_nosniboR00-rsU');
INSERT INTO workstations VALUES('CMPTR-1582_1166','Windows',11,'Online','FAC-8874Rob_24','MNGR-2Wil_12');
INSERT INTO users (UserID,FName,LName,UserRole) VALUES('STF-4554Wri_25','Karen','Wright','Staff');
INSERT INTO userlogin VALUES('STF-4554Wri_25','Usr-00Wright_25','52_thgirW00-rsU');
INSERT INTO workstations VALUES('CMPTR-4472_8549','Linux',1,'Offline','STF-4554Wri_25','SERV-27Hil_9');
INSERT INTO users (UserID,FName,LName,UserRole) VALUES('STF-2581Cam_26','Nancy','Campbell','Staff');
INSERT INTO userlogin VALUES('STF-2581Cam_26','Usr-00Campbell_26','62_llebpmaC00-rsU');
INSERT INTO workstations VALUES('CMPTR-8476_5454','Linux',2,'Offline','STF-2581Cam_26','HDESK-203Mar_11');
INSERT INTO users (UserID,FName,LName,UserRole) VALUES('FAC-6862Kin_27','Eric','King','Faculty');
INSERT INTO userlogin VALUES('FAC-6862Kin_27','Usr-00King_27','72_gniK00-rsU');
INSERT INTO workstations VALUES('CMPTR-3896_6612','Windows',5,'Online','FAC-6862Kin_27','MNGR-3Per_1');
INSERT INTO users (UserID,FName,LName,UserRole) VALUES('FAC-1188Dav_28','Kimberly','Davis','Faculty');
INSERT INTO userlogin VALUES('FAC-1188Dav_28','Usr-00Davis_28','82_sivaD00-rsU');
INSERT INTO workstations VALUES('CMPTR-8136_8566','Windows',7,'Offline','FAC-1188Dav_28','SERV-27Hil_9');
INSERT INTO users (UserID,FName,LName,UserRole) VALUES('STF-3146Kin_29','Michael','King','Staff');
INSERT INTO userlogin VALUES('STF-3146Kin_29','Usr-00King_29','92_gniK00-rsU');
INSERT INTO workstations VALUES('CMPTR-2461_6478','Windows',2,'Offline','STF-3146Kin_29','SERV-27Hil_9');
INSERT INTO users (UserID,FName,LName,UserRole) VALUES('STF-1177Har_30','Sharon','Harris','Staff');
INSERT INTO userlogin VALUES('STF-1177Har_30','Usr-00Harris_30','03_sirraH00-rsU');
INSERT INTO workstations VALUES('CMPTR-2060_6758','Windows',5,'Online','STF-1177Har_30','HDESK-686Wal_7');
INSERT INTO users (UserID,FName,LName,UserRole) VALUES('STF-9499Wil_31','Kenneth','Williams','Staff');
INSERT INTO userlogin VALUES('STF-9499Wil_31','Usr-00Williams_31','13_smailliW00-rsU');
INSERT INTO workstations VALUES('CMPTR-8573_7559','Windows',6,'Offline','STF-9499Wil_31','MNGR-1Wil_13');
INSERT INTO users (UserID,FName,LName,UserRole) VALUES('STF-7915All_32','Kathleen','Allen','Staff');
INSERT INTO userlogin VALUES('STF-7915All_32','Usr-00Allen_32','23_nellA00-rsU');
INSERT INTO workstations VALUES('CMPTR-1295_3058','Windows',9,'Offline','STF-7915All_32','SERV-22Her_3');
INSERT INTO users (UserID,FName,LName,UserRole) VALUES('FAC-6732Wal_33','Sharon','Walker','Faculty');
INSERT INTO userlogin VALUES('FAC-6732Wal_33','Usr-00Walker_33','33_reklaW00-rsU');
INSERT INTO workstations VALUES('CMPTR-3475_2348','Windows',7,'Online','FAC-6732Wal_33','HDESK-170Moo_10');
INSERT INTO users (UserID,FName,LName,UserRole) VALUES('STF-6945Tay_34','Rebecca','Taylor','Staff');
INSERT INTO userlogin VALUES('STF-6945Tay_34','Usr-00Taylor_34','43_rolyaT00-rsU');
INSERT INTO workstations VALUES('CMPTR-7071_8522','Linux',8,'Offline','STF-6945Tay_34','SERV-22Her_3');
INSERT INTO users (UserID,FName,LName,UserRole) VALUES('STF-2110Gar_35','Kathleen','Garcia','Staff');
INSERT INTO userlogin VALUES('STF-2110Gar_35','Usr-00Garcia_35','53_aicraG00-rsU');
INSERT INTO workstations VALUES('CMPTR-8212_4780','Linux',9,'Online','STF-2110Gar_35','SERV-51Gon_4');
INSERT INTO users (UserID,FName,LName,UserRole) VALUES('STF-9997Car_36','Joseph','Carter','Staff');
INSERT INTO userlogin VALUES('STF-9997Car_36','Usr-00Carter_36','63_retraC00-rsU');
INSERT INTO workstations VALUES('CMPTR-6086_3677','Windows',8,'Online','STF-9997Car_36','SERV-93Wil_2');
INSERT INTO users (UserID,FName,LName,UserRole) VALUES('STF-4791Joh_37','Michael','Johnson','Staff');
INSERT INTO userlogin VALUES('STF-4791Joh_37','Usr-00Johnson_37','73_nosnhoJ00-rsU');
INSERT INTO workstations VALUES('CMPTR-5620_8421','Windows',10,'Offline','STF-4791Joh_37','MNGR-1Wil_13');
INSERT INTO users (UserID,FName,LName,UserRole) VALUES('STF-6196Jac_38','Gary','Jackson','Staff');
INSERT INTO userlogin VALUES('STF-6196Jac_38','Usr-00Jackson_38','83_noskcaJ00-rsU');
INSERT INTO workstations VALUES('CMPTR-2510_3290','Windows',5,'Offline','STF-6196Jac_38','SERV-63Wil_14');
INSERT INTO users (UserID,FName,LName,UserRole) VALUES('FAC-1017Tay_39','Robert','Taylor','Faculty');
INSERT INTO userlogin VALUES('FAC-1017Tay_39','Usr-00Taylor_39','93_rolyaT00-rsU');
INSERT INTO workstations VALUES('CMPTR-2515_1785','Linux',5,'Online','FAC-1017Tay_39','MNGR-7Bak_15');
INSERT INTO users (UserID,FName,LName,UserRole) VALUES('STF-1767And_40','Christopher','Anderson','Staff');
INSERT INTO userlogin VALUES('STF-1767And_40','Usr-00Anderson_40','04_nosrednA00-rsU');
INSERT INTO workstations VALUES('CMPTR-1692_3370','Windows',4,'Offline','STF-1767And_40','HDESK-170Moo_10');
INSERT INTO users (UserID,FName,LName,UserRole) VALUES('STF-3098Ada_41','Sarah','Adams','Staff');
INSERT INTO userlogin VALUES('STF-3098Ada_41','Usr-00Adams_41','14_smadA00-rsU');
INSERT INTO workstations VALUES('CMPTR-9606_8471','Linux',2,'Online','STF-3098Ada_41','MNGR-3Per_1');
INSERT INTO users (UserID,FName,LName,UserRole) VALUES('FAC-9848Tho_42','Ryan','Thomas','Faculty');
INSERT INTO userlogin VALUES('FAC-9848Tho_42','Usr-00Thomas_42','24_samohT00-rsU');
INSERT INTO workstations VALUES('CMPTR-3880_9361','Windows',11,'Online','FAC-9848Tho_42','MNGR-1Wil_13');
INSERT INTO users (UserID,FName,LName,UserRole) VALUES('FAC-7016Rob_43','Steven','Roberts','Faculty');
INSERT INTO userlogin VALUES('FAC-7016Rob_43','Usr-00Roberts_43','34_streboR00-rsU');
INSERT INTO workstations VALUES('CMPTR-2726_6869','Linux',11,'Online','FAC-7016Rob_43','SERV-93Wil_2');
INSERT INTO users (UserID,FName,LName,UserRole) VALUES('STF-6923Ada_44','Patricia','Adams','Staff');
INSERT INTO userlogin VALUES('STF-6923Ada_44','Usr-00Adams_44','44_smadA00-rsU');
INSERT INTO workstations VALUES('CMPTR-3620_9680','Linux',12,'Online','STF-6923Ada_44','MNGR-1Wil_13');
INSERT INTO users (UserID,FName,LName,UserRole) VALUES('STF-1628All_45','Donald','Allen','Staff');
INSERT INTO userlogin VALUES('STF-1628All_45','Usr-00Allen_45','54_nellA00-rsU');
INSERT INTO workstations VALUES('CMPTR-8491_4659','Windows',9,'Online','STF-1628All_45','HDESK-170Moo_10');
INSERT INTO users (UserID,FName,LName,UserRole) VALUES('STF-5048Mil_46','Mary','Miller','Staff');
INSERT INTO userlogin VALUES('STF-5048Mil_46','Usr-00Miller_46','64_relliM00-rsU');
INSERT INTO workstations VALUES('CMPTR-2381_4660','Linux',6,'Offline','STF-5048Mil_46','HDESK-686Wal_7');
INSERT INTO users (UserID,FName,LName,UserRole) VALUES('FAC-8067All_47','Jennifer','Allen','Faculty');
INSERT INTO userlogin VALUES('FAC-8067All_47','Usr-00Allen_47','74_nellA00-rsU');
INSERT INTO workstations VALUES('CMPTR-8615_5383','Windows',12,'Offline','FAC-8067All_47','HDESK-686Wal_7');
INSERT INTO users (UserID,FName,LName,UserRole) VALUES('FAC-8235Cam_48','Steven','Campbell','Faculty');
INSERT INTO userlogin VALUES('FAC-8235Cam_48','Usr-00Campbell_48','84_llebpmaC00-rsU');
INSERT INTO workstations VALUES('CMPTR-3361_9944','Linux',12,'Online','FAC-8235Cam_48','MNGR-3Bak_8');
INSERT INTO users (UserID,FName,LName,UserRole) VALUES('STF-7539Tay_49','Kathleen','Taylor','Staff');
INSERT INTO userlogin VALUES('STF-7539Tay_49','Usr-00Taylor_49','94_rolyaT00-rsU');
INSERT INTO workstations VALUES('CMPTR-9550_6992','Windows',8,'Online','STF-7539Tay_49','MNGR-3Bak_8');
INSERT INTO users (UserID,FName,LName,UserRole) VALUES('STF-7276Jon_50','Jacob','Jones','Staff');
INSERT INTO userlogin VALUES('STF-7276Jon_50','Usr-00Jones_50','05_senoJ00-rsU');
INSERT INTO workstations VALUES('CMPTR-1601_7639','Linux',2,'Online','STF-7276Jon_50','SERV-51Gon_4');
INSERT INTO users (UserID,FName,LName,UserRole) VALUES('FAC-4526Smi_51','Margaret','Smith','Faculty');
INSERT INTO userlogin VALUES('FAC-4526Smi_51','Usr-00Smith_51','15_htimS00-rsU');
INSERT INTO workstations VALUES('CMPTR-3468_3226','Linux',8,'Online','FAC-4526Smi_51','HDESK-916Tho_5');
INSERT INTO users (UserID,FName,LName,UserRole) VALUES('STF-4075Riv_52','Steven','Rivera','Staff');
INSERT INTO userlogin VALUES('STF-4075Riv_52','Usr-00Rivera_52','25_areviR00-rsU');
INSERT INTO workstations VALUES('CMPTR-9968_2179','Windows',8,'Online','STF-4075Riv_52','MNGR-5Wil_6');
INSERT INTO users (UserID,FName,LName,UserRole) VALUES('FAC-4707Wil_53','George','Wilson','Faculty');
INSERT INTO userlogin VALUES('FAC-4707Wil_53','Usr-00Wilson_53','35_nosliW00-rsU');
INSERT INTO workstations VALUES('CMPTR-2609_9013','Linux',7,'Online','FAC-4707Wil_53','MNGR-7Bak_15');
INSERT INTO users (UserID,FName,LName,UserRole) VALUES('STF-3714Tor_54','Matthew','Torres','Staff');
INSERT INTO userlogin VALUES('STF-3714Tor_54','Usr-00Torres_54','45_serroT00-rsU');
INSERT INTO workstations VALUES('CMPTR-2887_9763','Linux',11,'Offline','STF-3714Tor_54','HDESK-686Wal_7');
INSERT INTO users (UserID,FName,LName,UserRole) VALUES('FAC-9229Rob_55','Kimberly','Robinson','Faculty');
INSERT INTO userlogin VALUES('FAC-9229Rob_55','Usr-00Robinson_55','55_nosniboR00-rsU');
INSERT INTO workstations VALUES('CMPTR-6326_6746','Linux',3,'Online','FAC-9229Rob_55','HDESK-170Moo_10');
INSERT INTO users (UserID,FName,LName,UserRole) VALUES('FAC-6817Kin_56','Charles','King','Faculty');
INSERT INTO userlogin VALUES('FAC-6817Kin_56','Usr-00King_56','65_gniK00-rsU');
INSERT INTO workstations VALUES('CMPTR-3437_6272','Linux',4,'Offline','FAC-6817Kin_56','SERV-93Wil_2');
INSERT INTO users (UserID,FName,LName,UserRole) VALUES('STF-1862Lop_57','Susan','Lopez','Staff');
INSERT INTO userlogin VALUES('STF-1862Lop_57','Usr-00Lopez_57','75_zepoL00-rsU');
INSERT INTO workstations VALUES('CMPTR-5294_6532','Windows',4,'Offline','STF-1862Lop_57','MNGR-1Wil_13');
INSERT INTO users (UserID,FName,LName,UserRole) VALUES('STF-5435Hil_58','Margaret','Hill','Staff');
INSERT INTO userlogin VALUES('STF-5435Hil_58','Usr-00Hill_58','85_lliH00-rsU');
INSERT INTO workstations VALUES('CMPTR-6184_7443','Linux',7,'Online','STF-5435Hil_58','SERV-51Gon_4');
INSERT INTO users (UserID,FName,LName,UserRole) VALUES('FAC-9846Car_59','Rebecca','Carter','Faculty');
INSERT INTO userlogin VALUES('FAC-9846Car_59','Usr-00Carter_59','95_retraC00-rsU');
INSERT INTO workstations VALUES('CMPTR-1347_3551','Windows',1,'Online','FAC-9846Car_59','MNGR-5Wil_6');
INSERT INTO users (UserID,FName,LName,UserRole) VALUES('FAC-9319Lew_60','Shirley','Lewis','Faculty');
INSERT INTO userlogin VALUES('FAC-9319Lew_60','Usr-00Lewis_60','06_siweL00-rsU');
INSERT INTO workstations VALUES('CMPTR-2337_6498','Linux',11,'Online','FAC-9319Lew_60','SERV-27Hil_9');
INSERT INTO users (UserID,FName,LName,UserRole) VALUES('STF-8505Tho_61','Michael','Thomas','Staff');
INSERT INTO userlogin VALUES('STF-8505Tho_61','Usr-00Thomas_61','16_samohT00-rsU');
INSERT INTO workstations VALUES('CMPTR-9828_6263','Linux',6,'Offline','STF-8505Tho_61','MNGR-1Wil_13');
INSERT INTO users (UserID,FName,LName,UserRole) VALUES('FAC-5607Lee_62','Stephanie','Lee','Faculty');
INSERT INTO userlogin VALUES('FAC-5607Lee_62','Usr-00Lee_62','26_eeL00-rsU');
INSERT INTO workstations VALUES('CMPTR-5651_5101','Windows',8,'Offline','FAC-5607Lee_62','MNGR-5Wil_6');
INSERT INTO users (UserID,FName,LName,UserRole) VALUES('FAC-4737Har_63','Laura','Harris','Faculty');
INSERT INTO userlogin VALUES('FAC-4737Har_63','Usr-00Harris_63','36_sirraH00-rsU');
INSERT INTO workstations VALUES('CMPTR-3813_4501','Linux',2,'Offline','FAC-4737Har_63','MNGR-7Bak_15');
INSERT INTO users (UserID,FName,LName,UserRole) VALUES('FAC-4138All_64','Karen','Allen','Faculty');
INSERT INTO userlogin VALUES('FAC-4138All_64','Usr-00Allen_64','46_nellA00-rsU');
INSERT INTO workstations VALUES('CMPTR-9355_2023','Windows',3,'Offline','FAC-4138All_64','SERV-51Gon_4');
INSERT INTO users (UserID,FName,LName,UserRole) VALUES('FAC-6997Tay_65','Michael','Taylor','Faculty');
INSERT INTO userlogin VALUES('FAC-6997Tay_65','Usr-00Taylor_65','56_rolyaT00-rsU');
INSERT INTO workstations VALUES('CMPTR-7642_9522','Windows',9,'Online','FAC-6997Tay_65','SERV-93Wil_2');
INSERT INTO users (UserID,FName,LName,UserRole) VALUES('STF-7290Gon_66','Carol','Gonzalez','Staff');
INSERT INTO userlogin VALUES('STF-7290Gon_66','Usr-00Gonzalez_66','66_zelaznoG00-rsU');
INSERT INTO workstations VALUES('CMPTR-4432_8229','Windows',5,'Offline','STF-7290Gon_66','HDESK-916Tho_5');
INSERT INTO users (UserID,FName,LName,UserRole) VALUES('STF-3408Mar_67','Jason','Martin','Staff');
INSERT INTO userlogin VALUES('STF-3408Mar_67','Usr-00Martin_67','76_nitraM00-rsU');
INSERT INTO workstations VALUES('CMPTR-7498_2093','Linux',4,'Online','STF-3408Mar_67','HDESK-170Moo_10');
INSERT INTO users (UserID,FName,LName,UserRole) VALUES('FAC-1262Bro_68','James','Brown','Faculty');
INSERT INTO userlogin VALUES('FAC-1262Bro_68','Usr-00Brown_68','86_nworB00-rsU');
INSERT INTO workstations VALUES('CMPTR-9855_5141','Windows',11,'Online','FAC-1262Bro_68','HDESK-170Moo_10');
INSERT INTO users (UserID,FName,LName,UserRole) VALUES('FAC-7195Tho_69','Joseph','Thomas','Faculty');
INSERT INTO userlogin VALUES('FAC-7195Tho_69','Usr-00Thomas_69','96_samohT00-rsU');
INSERT INTO workstations VALUES('CMPTR-8795_9901','Windows',8,'Offline','FAC-7195Tho_69','SERV-27Hil_9');
INSERT INTO users (UserID,FName,LName,UserRole) VALUES('FAC-6782Tho_70','Ryan','Thompson','Faculty');
INSERT INTO userlogin VALUES('FAC-6782Tho_70','Usr-00Thompson_70','07_nospmohT00-rsU');
INSERT INTO workstations VALUES('CMPTR-6476_1396','Windows',7,'Online','FAC-6782Tho_70','SERV-93Wil_2');
INSERT INTO users (UserID,FName,LName,UserRole) VALUES('FAC-1003Ram_71','Patricia','Ramirez','Faculty');
INSERT INTO userlogin VALUES('FAC-1003Ram_71','Usr-00Ramirez_71','17_zerimaR00-rsU');
INSERT INTO workstations VALUES('CMPTR-1600_1435','Linux',8,'Offline','FAC-1003Ram_71','HDESK-916Tho_5');
INSERT INTO users (UserID,FName,LName,UserRole) VALUES('STF-4855Ram_72','Deborah','Ramirez','Staff');
INSERT INTO userlogin VALUES('STF-4855Ram_72','Usr-00Ramirez_72','27_zerimaR00-rsU');
INSERT INTO workstations VALUES('CMPTR-6574_6591','Linux',9,'Online','STF-4855Ram_72','MNGR-5Wil_6');
INSERT INTO users (UserID,FName,LName,UserRole) VALUES('FAC-8459And_73','Donna','Anderson','Faculty');
INSERT INTO userlogin VALUES('FAC-8459And_73','Usr-00Anderson_73','37_nosrednA00-rsU');
INSERT INTO workstations VALUES('CMPTR-2457_4339','Linux',11,'Online','FAC-8459And_73','SERV-22Her_3');
INSERT INTO users (UserID,FName,LName,UserRole) VALUES('FAC-4662Wil_74','Kathleen','Williams','Faculty');
INSERT INTO userlogin VALUES('FAC-4662Wil_74','Usr-00Williams_74','47_smailliW00-rsU');
INSERT INTO workstations VALUES('CMPTR-9847_7623','Linux',8,'Online','FAC-4662Wil_74','MNGR-2Wil_12');
INSERT INTO users (UserID,FName,LName,UserRole) VALUES('FAC-6672Gon_75','Laura','Gonzalez','Faculty');
INSERT INTO userlogin VALUES('FAC-6672Gon_75','Usr-00Gonzalez_75','57_zelaznoG00-rsU');
INSERT INTO workstations VALUES('CMPTR-9954_9260','Windows',3,'Offline','FAC-6672Gon_75','SERV-93Wil_2');
INSERT INTO users (UserID,FName,LName,UserRole) VALUES('FAC-2704Ada_76','Cynthia','Adams','Faculty');
INSERT INTO userlogin VALUES('FAC-2704Ada_76','Usr-00Adams_76','67_smadA00-rsU');
INSERT INTO workstations VALUES('CMPTR-6632_6084','Windows',1,'Offline','FAC-2704Ada_76','SERV-93Wil_2');
INSERT INTO users (UserID,FName,LName,UserRole) VALUES('FAC-5122All_77','James','Allen','Faculty');
INSERT INTO userlogin VALUES('FAC-5122All_77','Usr-00Allen_77','77_nellA00-rsU');
INSERT INTO workstations VALUES('CMPTR-4785_4051','Windows',6,'Offline','FAC-5122All_77','HDESK-916Tho_5');
INSERT INTO users (UserID,FName,LName,UserRole) VALUES('FAC-9273Ada_78','Joseph','Adams','Faculty');
INSERT INTO userlogin VALUES('FAC-9273Ada_78','Usr-00Adams_78','87_smadA00-rsU');
INSERT INTO workstations VALUES('CMPTR-5226_6484','Windows',6,'Online','FAC-9273Ada_78','MNGR-5Wil_6');
INSERT INTO users (UserID,FName,LName,UserRole) VALUES('STF-5882Hil_79','Nancy','Hill','Staff');
INSERT INTO userlogin VALUES('STF-5882Hil_79','Usr-00Hill_79','97_lliH00-rsU');
INSERT INTO workstations VALUES('CMPTR-1458_2442','Linux',2,'Offline','STF-5882Hil_79','MNGR-1Wil_13');
INSERT INTO users (UserID,FName,LName,UserRole) VALUES('STF-6751Kin_80','Laura','King','Staff');
INSERT INTO userlogin VALUES('STF-6751Kin_80','Usr-00King_80','08_gniK00-rsU');
INSERT INTO workstations VALUES('CMPTR-1688_9656','Linux',3,'Offline','STF-6751Kin_80','HDESK-170Moo_10');
INSERT INTO users (UserID,FName,LName,UserRole) VALUES('FAC-4309Nel_81','Barbara','Nelson','Faculty');
INSERT INTO userlogin VALUES('FAC-4309Nel_81','Usr-00Nelson_81','18_nosleN00-rsU');
INSERT INTO workstations VALUES('CMPTR-9150_3553','Windows',10,'Online','FAC-4309Nel_81','SERV-51Gon_4');
INSERT INTO users (UserID,FName,LName,UserRole) VALUES('FAC-5891Whi_82','Brian','White','Faculty');
INSERT INTO userlogin VALUES('FAC-5891Whi_82','Usr-00White_82','28_etihW00-rsU');
INSERT INTO workstations VALUES('CMPTR-4910_4447','Windows',11,'Offline','FAC-5891Whi_82','MNGR-3Per_1');
INSERT INTO users (UserID,FName,LName,UserRole) VALUES('STF-6650Wal_83','Kimberly','Walker','Staff');
INSERT INTO userlogin VALUES('STF-6650Wal_83','Usr-00Walker_83','38_reklaW00-rsU');
INSERT INTO workstations VALUES('CMPTR-6030_9287','Linux',10,'Offline','STF-6650Wal_83','SERV-51Gon_4');
INSERT INTO users (UserID,FName,LName,UserRole) VALUES('STF-4496Tay_84','Sarah','Taylor','Staff');
INSERT INTO userlogin VALUES('STF-4496Tay_84','Usr-00Taylor_84','48_rolyaT00-rsU');
INSERT INTO workstations VALUES('CMPTR-1694_7212','Windows',4,'Offline','STF-4496Tay_84','MNGR-5Wil_6');
INSERT INTO users (UserID,FName,LName,UserRole) VALUES('FAC-3583Rob_85','Melissa','Robinson','Faculty');
INSERT INTO userlogin VALUES('FAC-3583Rob_85','Usr-00Robinson_85','58_nosniboR00-rsU');
INSERT INTO workstations VALUES('CMPTR-9139_9985','Linux',4,'Online','FAC-3583Rob_85','HDESK-203Mar_11');
